date,Open,High,Low,Close,Adj Close,Volume,P_mean,P_sum,twt_count
2022-03-01,289.8933410644531,296.6266784667969,284.59332275390625,288.1233215332031,288.1233215332031,74766900,0.0,0,39
2022-03-02,290.7099914550781,295.49334716796875,281.42333984375,293.2966613769531,293.2966613769531,74643300,-0.2631578947368421,-10,38
2022-03-03,292.92333984375,295.4800109863281,277.5333251953125,279.7633361816406,279.7633361816406,61623600,-0.34146341463414637,-14,41
2022-03-04,283.0333251953125,285.2166748046875,275.0533447265625,279.42999267578125,279.42999267578125,66999600,0.05128205128205128,2,39
2022-03-07,285.4333190917969,288.7133178710937,268.19000244140625,268.1933288574219,268.1933288574219,72494100,-0.15,-6,40
2022-03-08,265.1766662597656,283.3299865722656,260.72332763671875,274.79998779296875,274.79998779296875,80399100,-0.10256410256410256,-4,39
2022-03-09,279.82666015625,286.85333251953125,277.336669921875,286.3233337402344,286.3233337402344,59184000,-0.12195121951219512,-5,41
2022-03-10,283.8166809082031,284.8166809082031,270.1199951171875,279.4333190917969,279.4333190917969,58648500,-0.175,-7,40
2022-03-11,280.0666809082031,281.26666259765625,264.5899963378906,265.1166687011719,265.1166687011719,67037100,-0.075,-3,40
2022-03-14,260.2033386230469,266.8999938964844,252.01333618164065,255.4566650390625,255.4566650390625,71152200,-0.325,-13,40
2022-03-15,258.42333984375,268.5233459472656,252.19000244140625,267.2966613769531,267.2966613769531,66841200,0.05263157894736842,2,38
2022-03-16,269.6666564941406,280.6666564941406,267.4200134277344,280.07666015625,280.07666015625,84028800,-0.05263157894736842,-2,38
2022-03-17,276.9966735839844,291.6666564941406,275.239990234375,290.5333251953125,290.5333251953125,66582900,0.07317073170731707,3,41
2022-03-18,291.4966735839844,302.6166687011719,289.1300048828125,301.7966613769531,301.7966613769531,100414200,-0.05263157894736842,-2,38
2022-03-21,304.99334716796875,314.2833251953125,302.36334228515625,307.0533447265625,307.0533447265625,81981600,-0.1,-4,40
2022-03-22,310.0,332.6199951171875,307.25,331.32666015625,331.32666015625,105868500,0.025,1,40
2022-03-23,326.64666748046875,346.8999938964844,325.4666748046875,333.03668212890625,333.03668212890625,120676200,-0.10256410256410256,-4,39
2022-03-24,336.57666015625,341.4966735839844,329.6000061035156,337.97332763671875,337.97332763671875,68920800,0.05263157894736842,2,38
2022-03-25,336.0,340.6000061035156,332.44000244140625,336.8800048828125,336.8800048828125,62031600,-0.125,-5,40
2022-03-28,355.0333251953125,365.9599914550781,351.20001220703125,363.9466552734375,363.9466552734375,102506100,0.0,0,39
2022-03-29,369.3299865722656,371.5899963378906,357.7033386230469,366.5233459472656,366.5233459472656,73614900,0.075,3,40
2022-03-30,363.7233276367188,371.3166809082031,361.3333435058594,364.663330078125,364.663330078125,59865000,-0.075,-3,40
2022-03-31,364.8566589355469,367.71331787109375,358.8800048828125,359.20001220703125,359.20001220703125,48992700,-0.05,-2,40
2022-04-01,360.3833312988281,364.9166564941406,355.5466613769531,361.5299987792969,361.5299987792969,54263100,0.0,0,40
2022-04-04,363.1266784667969,383.3033447265625,357.510009765625,381.8166809082031,381.8166809082031,82035900,-0.025,-1,40
2022-04-05,378.76666259765625,384.2900085449219,362.4333190917969,363.7533264160156,363.7533264160156,80075100,0.0975609756097561,4,41
2022-04-06,357.8233337402344,359.6666564941406,342.5666809082031,348.586669921875,348.586669921875,89348400,-0.04878048780487805,-2,41
2022-04-07,350.7966613769531,358.86334228515625,340.5133361816406,352.4200134277344,352.4200134277344,79447200,0.07317073170731707,3,41
2022-04-08,347.7366638183594,349.4800109863281,340.8133239746094,341.8299865722656,341.8299865722656,55013700,-0.024390243902439025,-1,41
2022-04-11,326.79998779296875,336.1566772460937,324.8800048828125,325.3099975585937,325.3099975585937,59357100,0.1,4,40
2022-04-12,332.5466613769531,340.39666748046875,325.5333251953125,328.9833374023437,328.9833374023437,65976000,-0.20512820512820512,-8,39
2022-04-13,327.02667236328125,342.0799865722656,324.3666687011719,340.7900085449219,340.7900085449219,55121100,-0.024390243902439025,-1,41
2022-04-14,333.0966796875,337.57000732421875,327.39666748046875,328.3333435058594,328.3333435058594,58422300,-0.10526315789473684,-4,38
2022-04-18,329.6766662597656,338.3066711425781,324.4700012207031,334.7633361816406,334.7633361816406,51715200,0.02564102564102564,1,39
2022-04-19,335.0199890136719,344.9800109863281,331.77667236328125,342.7166748046875,342.7166748046875,49847700,-0.07317073170731707,-3,41
2022-04-20,343.3333435058594,344.6666564941406,325.0833435058594,325.7333374023437,325.7333374023437,70711200,0.12195121951219512,5,41
2022-04-21,358.24334716796875,364.0733337402344,332.1400146484375,336.260009765625,336.260009765625,105416400,-0.05,-2,40
2022-04-22,338.3033447265625,344.95001220703125,331.3333435058594,335.01666259765625,335.01666259765625,69696600,0.0,0,39
2022-04-25,326.3233337402344,336.2066650390625,325.1000061035156,332.67333984375,332.67333984375,68341200,-0.1282051282051282,-5,39
2022-04-26,331.8099975585937,333.3333435058594,291.6666564941406,292.1400146484375,292.1400146484375,136133700,-0.32432432432432434,-12,37
2022-04-27,299.52667236328125,306.0,292.4533386230469,293.836669921875,293.836669921875,76956300,-0.12195121951219512,-5,41
2022-04-28,299.99334716796875,300.0,273.8999938964844,292.5033264160156,292.5033264160156,124948500,-0.1282051282051282,-5,39
2022-04-29,300.75,311.4666748046875,290.0,290.2533264160156,290.2533264160156,88133100,-0.15,-6,40
2022-05-02,286.92333984375,302.1199951171875,282.6766662597656,300.9800109863281,300.9800109863281,75781500,-0.20512820512820512,-8,39
2022-05-03,301.0599975585937,308.02667236328125,296.1966552734375,303.0833435058594,303.0833435058594,63709500,-0.225,-9,40
2022-05-04,301.3133239746094,318.5,295.09332275390625,317.5400085449219,317.5400085449219,81643800,-0.02631578947368421,-1,38
2022-05-05,313.00665283203125,315.20001220703125,285.8999938964844,291.09332275390625,291.09332275390625,92519100,-0.125,-5,40
2022-05-06,295.6666564941406,296.0,281.03668212890625,288.54998779296875,288.54998779296875,72903000,-0.04878048780487805,-2,41
2022-05-09,278.8166809082031,281.8766784667969,260.3833312988281,262.3699951171875,262.3699951171875,90810300,0.025,1,40
2022-05-10,273.10333251953125,275.1199951171875,258.0833435058594,266.67999267578125,266.67999267578125,84401700,-0.25,-10,40
2022-05-11,265.0,269.92333984375,242.3999938964844,244.6666717529297,244.6666717529297,97224600,-0.1794871794871795,-7,39
2022-05-12,233.6666717529297,253.22000122070312,226.6666717529297,242.6666717529297,242.6666717529297,140313000,-0.2631578947368421,-10,38
2022-05-13,257.82666015625,262.45001220703125,250.52333068847656,256.5299987792969,256.5299987792969,92150700,-0.3902439024390244,-16,41
2022-05-16,255.72000122070312,256.586669921875,239.69667053222656,241.4566650390625,241.4566650390625,86098500,0.07317073170731707,3,41
2022-05-17,249.1199951171875,254.82666015625,242.9499969482422,253.8699951171875,253.8699951171875,80236200,-0.15,-6,40
2022-05-18,248.17333984375,253.5,233.60333251953125,236.60333251953125,236.60333251953125,87811800,-0.45,-18,40
2022-05-19,235.6666717529297,244.6666717529297,231.3699951171875,236.47332763671875,236.47332763671875,90296700,-0.48717948717948717,-19,39
2022-05-20,237.9966735839844,240.52667236328125,211.0,221.3000030517578,221.3000030517578,144973200,-0.3,-12,40
2022-05-23,218.33999633789065,226.65333557128903,212.6866607666016,224.96665954589844,224.96665954589844,88903500,-0.2926829268292683,-12,41
2022-05-24,217.8433380126953,217.97332763671875,206.85667419433597,209.3866729736328,209.3866729736328,89092500,-0.24390243902439024,-10,41
2022-05-25,207.9499969482422,223.10667419433597,207.6699981689453,219.6000061035156,219.6000061035156,92139300,0.0,0,41
2022-05-26,220.47332763671875,239.55667114257807,217.8866729736328,235.91000366210935,235.91000366210935,106003200,-0.0975609756097561,-4,41
2022-05-27,241.0833282470703,253.26666259765625,240.1766662597656,253.2100067138672,253.2100067138672,89295000,-0.24390243902439024,-10,41
2022-05-31,257.9466552734375,259.6000061035156,244.7433319091797,252.7533264160156,252.7533264160156,101914500,-0.05128205128205128,-2,39
2022-06-01,251.72000122070312,257.32666015625,243.63999938964844,246.7899932861328,246.7899932861328,77247900,-0.1951219512195122,-8,41
2022-06-02,244.1566619873047,264.2099914550781,242.0666656494141,258.3333435058594,258.3333435058594,93473100,-0.0975609756097561,-4,41
2022-06-03,243.22666931152344,247.79666137695312,233.4166717529297,234.51666259765625,234.51666259765625,112393800,-0.2564102564102564,-10,39
2022-06-06,244.35333251953125,244.86666870117188,234.3500061035156,238.27999877929688,238.27999877929688,84204600,-0.175,-7,40
2022-06-07,234.0,239.9966735839844,230.0933380126953,238.8866729736328,238.8866729736328,72808500,-0.05128205128205128,-2,39
2022-06-08,240.086669921875,249.9633331298828,239.1766662597656,241.86666870117188,241.86666870117188,76210500,-0.2564102564102564,-10,39
2022-06-09,249.33999633789065,255.54666137695312,239.32666015625,239.7066650390625,239.7066650390625,96491400,-0.23076923076923078,-9,39
2022-06-10,235.1566619873047,239.5,227.913330078125,232.22999572753903,232.22999572753903,97536600,-0.1,-4,40
2022-06-13,223.1666717529297,226.63333129882807,214.68333435058597,215.73666381835935,215.73666381835935,102767400,-0.07317073170731707,-3,41
2022-06-14,218.2866668701172,226.3300018310547,211.73666381835935,220.88999938964844,220.88999938964844,97988700,-0.05,-2,40
2022-06-15,220.9166717529297,235.663330078125,218.1499938964844,233.0,233.0,119131800,0.025,1,40
2022-06-16,222.73666381835935,225.1666717529297,208.69332885742188,213.1000061035156,213.1000061035156,107390700,-0.10256410256410256,-4,39
2022-06-17,213.43333435058597,220.97000122070312,213.19667053222656,216.75999450683597,216.75999450683597,92641800,-0.02564102564102564,-1,39
2022-06-21,224.60333251953125,243.57666015625,224.3333282470703,237.0366668701172,237.0366668701172,122793000,-0.12195121951219512,-5,41
2022-06-22,234.5033264160156,246.8333282470703,233.82666015625,236.086669921875,236.086669921875,101107500,-0.25,-10,40
2022-06-23,237.9066619873047,239.3166656494141,228.6366729736328,235.07000732421875,235.07000732421875,104202600,0.1,4,40
2022-06-24,237.47000122070312,246.0666656494141,236.086669921875,245.7066650390625,245.7066650390625,95770800,0.05555555555555555,2,36
2022-06-27,249.36666870117188,252.07000732421875,242.5666656494141,244.9199981689453,244.9199981689453,89178300,0.025,1,40
2022-06-28,244.48333740234372,249.97000122070312,232.3433380126953,232.663330078125,232.663330078125,90391200,0.05128205128205128,2,39
2022-06-29,230.5,231.17333984375,222.27333068847656,228.4900054931641,228.4900054931641,82897200,-0.05128205128205128,-2,39
2022-06-30,224.50999450683597,229.4566650390625,218.8633270263672,224.47332763671875,224.47332763671875,94600500,-0.12195121951219512,-5,41
2022-07-01,227.0,230.22999572753903,222.1199951171875,227.26333618164065,227.26333618164065,74460300,-0.07317073170731707,-3,41
2022-07-05,223.0,233.14666748046875,216.1666717529297,233.0666656494141,233.0666656494141,84581100,-0.275,-11,40
2022-07-06,230.77999877929688,234.56333923339844,227.1866607666016,231.73333740234372,231.73333740234372,71853600,-0.13157894736842105,-5,38
2022-07-07,233.9199981689453,245.3633270263672,232.2100067138672,244.5433349609375,244.5433349609375,81930600,-0.0975609756097561,-4,41
2022-07-08,242.3333282470703,254.97999572753903,241.16000366210935,250.76333618164065,250.76333618164065,101854200,-0.36585365853658536,-15,41
2022-07-11,252.10333251953125,253.06333923339844,233.6266632080078,234.3433380126953,234.3433380126953,99241200,-0.02631578947368421,-1,38
2022-07-12,236.8466644287109,239.77333068847656,228.3699951171875,233.07000732421875,233.07000732421875,87930900,-0.4,-16,40
2022-07-13,225.5,242.05999755859372,225.0333404541016,237.0399932861328,237.0399932861328,97954500,-0.1794871794871795,-7,39
2022-07-14,234.89666748046875,238.65333557128903,229.3333282470703,238.31333923339844,238.31333923339844,78557400,-0.04878048780487805,-2,41
2022-07-15,240.0,243.6233367919922,236.88999938964844,240.0666656494141,240.0666656494141,69683100,-0.1,-4,40
2022-07-18,244.9366607666016,250.51666259765625,239.60333251953125,240.54666137695312,240.54666137695312,82537500,-0.05128205128205128,-2,39
2022-07-19,245.0,247.13999938964844,236.97666931152344,245.52999877929688,245.52999877929688,80890200,-0.15,-6,40
2022-07-20,246.7833404541016,250.663330078125,243.48333740234372,247.5,247.5,88864200,0.02631578947368421,1,38
2022-07-21,255.10667419433597,273.26666259765625,254.86666870117188,271.7066650390625,271.7066650390625,142032300,-0.05,-2,40
2022-07-22,276.2200012207031,280.78668212890625,270.7133178710937,272.24334716796875,272.24334716796875,103472700,0.025,1,40
2022-07-25,272.2166748046875,274.14666748046875,267.3999938964844,268.4333190917969,268.4333190917969,64073400,0.0,0,40
2022-07-26,266.5133361816406,267.3099975585937,256.2633361816406,258.8599853515625,258.8599853515625,66820800,-0.02564102564102564,-1,39
2022-07-27,263.8099975585937,275.9266662597656,261.7900085449219,274.82000732421875,274.82000732421875,88110000,-0.05263157894736842,-2,38
2022-07-28,280.0666809082031,283.29998779296875,272.79998779296875,280.8999938964844,280.8999938964844,84723000,0.23684210526315788,9,38
2022-07-29,280.70001220703125,298.32000732421875,279.1000061035156,297.1499938964844,297.1499938964844,95313000,0.10256410256410256,4,39
2022-08-01,301.27667236328125,311.8766784667969,295.0,297.27667236328125,297.27667236328125,117042900,-0.05128205128205128,-2,39
2022-08-02,294.0033264160156,307.8333435058594,292.6666564941406,300.586669921875,300.586669921875,95577600,0.0,0,40
2022-08-03,305.0,309.54998779296875,301.1499938964844,307.39666748046875,307.39666748046875,80091000,0.0,0,39
2022-08-04,311.0,313.6066589355469,305.0,308.6333312988281,308.6333312988281,72256200,0.04878048780487805,2,41
2022-08-05,302.6700134277344,304.6066589355469,285.5433349609375,288.1700134277344,288.1700134277344,113172900,-0.125,-5,40
2022-08-08,295.0,305.20001220703125,289.086669921875,290.42333984375,290.42333984375,98994000,0.05128205128205128,2,39
2022-08-09,290.2933349609375,292.39666748046875,279.35333251953125,283.3333435058594,283.3333435058594,86244600,0.07692307692307693,3,39
2022-08-10,297.0666809082031,297.510009765625,283.3699951171875,294.3566589355469,294.3566589355469,94918800,-0.3902439024390244,-16,41
2022-08-11,296.5133361816406,298.2366638183594,285.8333435058594,286.6300048828125,286.6300048828125,70155000,0.05128205128205128,2,39
2022-08-12,289.4166564941406,300.1600036621094,285.0333251953125,300.0299987792969,300.0299987792969,79657200,-0.025,-1,40
2022-08-15,301.78668212890625,313.1333312988281,301.2300109863281,309.32000732421875,309.32000732421875,89359200,-0.15,-6,40
2022-08-16,311.6666564941406,314.6666564941406,302.8833312988281,306.5633239746094,306.5633239746094,88136400,-0.05,-2,40
2022-08-17,303.39666748046875,309.6566772460937,300.0333251953125,303.9966735839844,303.9966735839844,68766000,-0.2926829268292683,-12,41
2022-08-18,306.0,306.5,301.85333251953125,302.8699951171875,302.8699951171875,47500500,-0.15384615384615385,-6,39
2022-08-19,299.0,300.3599853515625,292.5,296.6666564941406,296.6666564941406,61395300,-0.025,-1,40
2022-08-22,291.913330078125,292.3999938964844,286.2966613769531,289.913330078125,289.913330078125,55843200,-0.21951219512195122,-9,41
2022-08-23,291.4533386230469,298.82666015625,287.92333984375,296.4533386230469,296.4533386230469,63984900,-0.24324324324324326,-9,37
2022-08-24,297.5633239746094,303.64666748046875,296.5,297.0966796875,297.0966796875,57259800,0.02631578947368421,1,38
2022-08-25,302.3599853515625,302.9599914550781,291.6000061035156,296.07000732421875,296.07000732421875,53230000,-0.07692307692307693,-3,39
2022-08-26,297.42999267578125,302.0,287.4700012207031,288.0899963378906,288.0899963378906,57163900,0.0,0,37
2022-08-29,282.8299865722656,287.739990234375,280.70001220703125,284.82000732421875,284.82000732421875,41864700,-0.10256410256410256,-4,39
2022-08-30,287.8699951171875,288.4800109863281,272.6499938964844,277.70001220703125,277.70001220703125,50541800,-0.125,-5,40
2022-08-31,280.6199951171875,281.25,271.8099975585937,275.6099853515625,275.6099853515625,52107300,-0.125,-5,40
2022-09-01,272.5799865722656,277.5799865722656,266.1499938964844,277.1600036621094,277.1600036621094,54287000,-0.05,-2,40
2022-09-02,281.07000732421875,282.3500061035156,269.0799865722656,270.2099914550781,270.2099914550781,50890100,0.0,0,41
2022-09-06,272.67999267578125,275.989990234375,265.739990234375,274.4200134277344,274.4200134277344,55860000,-0.2,-8,40
2022-09-07,273.1000061035156,283.8399963378906,272.2699890136719,283.70001220703125,283.70001220703125,50028900,0.1,4,40
2022-09-08,281.29998779296875,289.5,279.760009765625,289.260009765625,289.260009765625,53713100,0.125,5,40
2022-09-09,291.6700134277344,299.8500061035156,291.25,299.67999267578125,299.67999267578125,54338100,0.025,1,40
2022-09-12,300.7200012207031,305.489990234375,300.3999938964844,304.4200134277344,304.4200134277344,48674600,0.14634146341463414,6,41
2022-09-13,292.8999938964844,297.3999938964844,290.3999938964844,292.1300048828125,292.1300048828125,68229600,-0.14634146341463414,-6,41
2022-09-14,292.239990234375,306.0,291.6400146484375,302.6099853515625,302.6099853515625,72628700,-0.1794871794871795,-7,39
2022-09-15,301.8299865722656,309.1199951171875,300.7200012207031,303.75,303.75,64795500,0.1111111111111111,4,36
2022-09-16,299.6099853515625,303.7099914550781,295.6000061035156,303.3500061035156,303.3500061035156,87087800,-0.04878048780487805,-2,41
2022-09-19,300.0899963378906,309.8399963378906,297.79998779296875,309.07000732421875,309.07000732421875,60231200,-0.02564102564102564,-1,39
2022-09-20,306.9100036621094,313.3299865722656,305.5799865722656,308.7300109863281,308.7300109863281,61642800,-0.05,-2,40
2022-09-21,308.2900085449219,313.79998779296875,300.6300048828125,300.79998779296875,300.79998779296875,62555700,0.0,0,39
2022-09-22,299.8599853515625,301.2900085449219,285.82000732421875,288.5899963378906,288.5899963378906,70545400,-0.18421052631578946,-7,38
2022-09-23,283.0899963378906,284.5,272.82000732421875,275.3299865722656,275.3299865722656,63748400,-0.1,-4,40
2022-09-26,271.8299865722656,284.0899963378906,270.3099975585937,276.010009765625,276.010009765625,58076900,-0.05405405405405406,-2,37
2022-09-27,283.8399963378906,288.6700134277344,277.510009765625,282.94000244140625,282.94000244140625,61925200,0.0,0,41
2022-09-28,283.0799865722656,289.0,277.57000732421875,287.8099975585937,287.8099975585937,54664800,-0.075,-3,40
2022-09-29,282.760009765625,283.6499938964844,265.7799987792969,268.2099914550781,268.2099914550781,77620600,-0.07894736842105263,-3,38
2022-09-30,266.1499938964844,275.57000732421875,262.4700012207031,265.25,265.25,67726600,0.024390243902439025,1,41
2022-10-03,254.5,255.16000366210935,241.00999450683597,242.3999938964844,242.3999938964844,98363500,-0.14634146341463414,-6,41
2022-10-04,250.5200042724609,257.5,242.00999450683597,249.44000244140625,249.44000244140625,109578500,-0.2,-8,40
2022-10-05,245.00999450683597,246.6699981689453,233.2700042724609,240.80999755859372,240.80999755859372,86982700,-0.125,-5,40
2022-10-06,239.44000244140625,244.5800018310547,235.3500061035156,238.1300048828125,238.1300048828125,69298400,0.02564102564102564,1,39
2022-10-07,233.94000244140625,234.57000732421875,222.0200042724609,223.07000732421875,223.07000732421875,83916800,-0.225,-9,40
2022-10-10,223.92999267578125,226.9900054931641,218.3600006103516,222.9600067138672,222.9600067138672,67925000,0.19444444444444445,7,36
2022-10-11,220.9499969482422,225.75,215.0,216.5,216.5,77013200,-0.15,-6,40
2022-10-12,215.3300018310547,219.3000030517578,211.50999450683597,217.2400054931641,217.2400054931641,66860700,-0.02702702702702703,-1,37
2022-10-13,208.3000030517578,222.9900054931641,206.22000122070312,221.72000122070312,221.72000122070312,91483000,-0.025,-1,40
2022-10-14,224.00999450683597,226.25999450683597,204.16000366210935,204.9900054931641,204.9900054931641,94124500,-0.1794871794871795,-7,39
2022-10-17,210.0399932861328,221.8600006103516,209.4499969482422,219.3500061035156,219.3500061035156,79428800,-0.075,-3,40
2022-10-18,229.5,229.82000732421875,217.25,220.19000244140625,220.19000244140625,75891900,0.05,2,40
2022-10-19,219.8000030517578,222.92999267578125,217.77999877929688,222.0399932861328,222.0399932861328,66571500,0.07317073170731707,3,41
2022-10-20,208.27999877929688,215.5500030517578,202.0,207.27999877929688,207.27999877929688,117798100,0.025,1,40
2022-10-21,206.4199981689453,214.66000366210935,203.8000030517578,214.44000244140625,214.44000244140625,75713800,-0.1794871794871795,-7,39
2022-10-24,205.82000732421875,213.5,198.58999633789065,211.25,211.25,100446800,-0.05405405405405406,-2,37
2022-10-25,210.1000061035156,224.3500061035156,210.0,222.4199981689453,222.4199981689453,96507900,-0.13157894736842105,-5,38
2022-10-26,219.3999938964844,230.6000061035156,218.1999969482422,224.63999938964844,224.63999938964844,85012500,-0.125,-5,40
2022-10-27,229.7700042724609,233.80999755859372,222.8500061035156,225.08999633789065,225.08999633789065,61638800,-0.1282051282051282,-5,39
2022-10-28,225.3999938964844,228.8600006103516,216.3500061035156,228.5200042724609,228.5200042724609,69152400,-0.3902439024390244,-16,41
2022-10-31,226.19000244140625,229.8500061035156,221.94000244140625,227.5399932861328,227.5399932861328,61554300,-0.0975609756097561,-4,41
2022-11-01,234.0500030517578,237.3999938964844,227.27999877929688,227.82000732421875,227.82000732421875,62688800,-0.4594594594594595,-17,37
2022-11-02,226.0399932861328,227.8699951171875,214.82000732421875,214.97999572753903,214.97999572753903,63070300,-0.14285714285714285,-5,35
2022-11-03,211.3600006103516,221.1999969482422,210.13999938964844,215.30999755859372,215.30999755859372,56538800,-0.4146341463414634,-17,41
2022-11-04,222.6000061035156,223.8000030517578,203.0800018310547,207.47000122070312,207.47000122070312,98622200,-0.1951219512195122,-8,41
2022-11-07,208.6499938964844,208.8999938964844,196.66000366210935,197.0800018310547,197.0800018310547,93916500,-0.1794871794871795,-7,39
2022-11-08,194.0200042724609,195.1999969482422,186.75,191.3000030517578,191.3000030517578,128803400,-0.1794871794871795,-7,39
2022-11-09,190.77999877929688,195.88999938964844,177.1199951171875,177.58999633789062,177.58999633789062,127062700,-0.12195121951219512,-5,41
2022-11-10,189.8999938964844,191.0,180.02999877929688,190.72000122070312,190.72000122070312,132703000,-0.25,-10,40
2022-11-11,186.0,196.5200042724609,182.58999633789065,195.97000122070312,195.97000122070312,114403600,-0.25,-9,36
2022-11-14,192.7700042724609,195.72999572753903,186.33999633789065,190.9499969482422,190.9499969482422,92226600,-0.025,-1,40
2022-11-15,195.8800048828125,200.82000732421875,192.05999755859372,194.4199981689453,194.4199981689453,91293800,0.07317073170731707,3,41
2022-11-16,191.50999450683597,192.57000732421875,185.66000366210935,186.9199981689453,186.9199981689453,66567600,-0.23076923076923078,-9,39
2022-11-17,183.9600067138672,186.16000366210935,180.8999938964844,183.1699981689453,183.1699981689453,64336000,-0.25,-9,36
2022-11-18,185.0500030517578,185.19000244140625,176.5500030517578,180.19000244140625,180.19000244140625,76048900,0.02564102564102564,1,39
2022-11-21,175.85000610351562,176.77000427246094,167.5399932861328,167.8699951171875,167.8699951171875,92882700,-0.21052631578947367,-8,38
2022-11-22,168.6300048828125,170.9199981689453,166.19000244140625,169.91000366210938,169.91000366210938,78452300,-0.15,-6,40
2022-11-23,173.57000732421875,183.6199951171875,172.5,183.1999969482422,183.1999969482422,109536700,-0.14634146341463414,-6,41
2022-11-25,185.05999755859372,185.1999969482422,180.6300048828125,182.8600006103516,182.8600006103516,50672700,-0.21951219512195122,-9,41
2022-11-28,179.9600067138672,188.5,179.0,182.9199981689453,182.9199981689453,92905200,-0.15,-6,40
2022-11-29,184.9900054931641,186.3800048828125,178.75,180.8300018310547,180.8300018310547,83357100,-0.1111111111111111,-4,36
2022-11-30,182.42999267578125,194.75999450683597,180.6300048828125,194.6999969482422,194.6999969482422,109186400,-0.14634146341463414,-6,41
2022-12-01,197.0800018310547,198.9199981689453,191.8000030517578,194.6999969482422,194.6999969482422,80046200,-0.23076923076923078,-9,39
2022-12-02,191.77999877929688,196.25,191.1100006103516,194.8600006103516,194.8600006103516,73645900,-0.14634146341463414,-6,41
2022-12-05,189.44000244140625,191.2700042724609,180.5500030517578,182.4499969482422,182.4499969482422,93122700,-0.18421052631578946,-7,38
2022-12-06,181.22000122070312,183.6499938964844,175.3300018310547,179.82000732421875,179.82000732421875,92150800,0.15,6,40
2022-12-07,175.02999877929688,179.3800048828125,172.22000122070312,174.0399932861328,174.0399932861328,84213300,-0.15384615384615385,-6,39
2022-12-08,172.1999969482422,175.1999969482422,169.05999755859375,173.44000244140625,173.44000244140625,97624500,-0.275,-11,40
2022-12-09,173.83999633789062,182.5,173.36000061035156,179.0500030517578,179.0500030517578,104872300,-0.14634146341463414,-6,41
2022-12-12,176.10000610351562,177.3699951171875,167.52000427246094,167.82000732421875,167.82000732421875,109794500,-0.5121951219512195,-21,41
2022-12-13,174.8699951171875,175.0500030517578,156.91000366210938,160.9499969482422,160.9499969482422,175862700,-0.13157894736842105,-5,38
2022-12-14,159.25,161.6199951171875,155.30999755859375,156.8000030517578,156.8000030517578,140682300,-0.21052631578947367,-8,38
2022-12-15,153.44000244140625,160.92999267578125,153.27999877929688,157.6699981689453,157.6699981689453,122334500,0.0,0,41
2022-12-16,159.63999938964844,160.99000549316406,150.0399932861328,150.22999572753906,150.22999572753906,139032200,-0.4473684210526316,-17,38
2022-12-19,154.0,155.25,145.82000732421875,149.8699951171875,149.8699951171875,139390600,-0.1891891891891892,-7,37
2022-12-20,146.0500030517578,148.47000122070312,137.66000366210938,137.8000030517578,137.8000030517578,159563300,-0.3,-12,40
2022-12-21,139.33999633789062,141.25999450683594,135.88999938964844,137.57000732421875,137.57000732421875,145417400,0.05,2,40
2022-12-22,136.0,136.6300048828125,122.26000213623048,125.3499984741211,125.3499984741211,210090300,-0.2,-8,40
2022-12-23,126.37000274658205,128.6199951171875,121.0199966430664,123.1500015258789,123.1500015258789,166989700,-0.025,-1,40
2022-12-27,117.5,119.66999816894533,108.76000213623048,109.0999984741211,109.0999984741211,208643400,-0.34146341463414637,-14,41
2022-12-28,110.3499984741211,116.2699966430664,108.23999786376952,112.70999908447266,112.70999908447266,221070500,-0.1,-4,40
2022-12-29,120.38999938964844,123.56999969482422,117.5,121.81999969482422,121.81999969482422,221923300,-0.05128205128205128,-2,39
2022-12-30,119.9499969482422,124.4800033569336,119.75,123.18000030517578,123.18000030517578,157777300,-0.13513513513513514,-5,37
2023-01-03,118.47000122070312,118.8000030517578,104.63999938964844,108.0999984741211,108.0999984741211,231402800,-0.07692307692307693,-3,39
2023-01-04,109.11000061035156,114.58999633789062,107.5199966430664,113.63999938964844,113.63999938964844,180389000,-0.3170731707317073,-13,41
2023-01-05,110.51000213623048,111.75,107.16000366210938,110.33999633789062,110.33999633789062,157986300,-0.16216216216216217,-6,37
2023-01-06,103.0,114.38999938964844,101.80999755859376,113.05999755859376,113.05999755859376,220911100,-0.3333333333333333,-13,39
2023-01-09,118.95999908447266,123.5199966430664,117.11000061035156,119.7699966430664,119.7699966430664,190284000,-0.14634146341463414,-6,41
2023-01-10,121.06999969482422,122.76000213623048,114.91999816894533,118.8499984741211,118.8499984741211,167642500,-0.325,-13,40
2023-01-11,122.08999633789062,125.9499969482422,120.51000213623048,123.22000122070312,123.22000122070312,183810800,-0.1794871794871795,-7,39
2023-01-12,122.55999755859376,124.12999725341795,117.0,123.55999755859376,123.55999755859376,169400900,-0.15,-6,40
2023-01-13,116.5500030517578,122.62999725341795,115.5999984741211,122.4000015258789,122.4000015258789,180714100,-0.02702702702702703,-1,37
2023-01-17,125.6999969482422,131.6999969482422,125.0199966430664,131.49000549316406,131.49000549316406,186477000,-0.34146341463414637,-14,41
2023-01-18,136.55999755859375,136.67999267578125,127.01000213623048,128.77999877929688,128.77999877929688,195680300,-0.35,-14,40
2023-01-19,127.26000213623048,129.99000549316406,124.30999755859376,127.16999816894533,127.16999816894533,170291900,-0.08108108108108109,-3,37
2023-01-20,128.67999267578125,133.50999450683594,127.3499984741211,133.4199981689453,133.4199981689453,138858100,-0.3076923076923077,-12,39
2023-01-23,135.8699951171875,145.3800048828125,134.27000427246094,143.75,143.75,203119200,-0.075,-3,40
2023-01-24,143.0,146.5,141.10000610351562,143.88999938964844,143.88999938964844,158699100,0.17647058823529413,6,34
2023-01-25,141.91000366210938,146.41000366210938,138.07000732421875,144.42999267578125,144.42999267578125,192734300,0.024390243902439025,1,41
2023-01-26,159.97000122070312,161.4199981689453,154.75999450683594,160.27000427246094,160.27000427246094,234815100,-0.05,-2,40
2023-01-27,162.42999267578125,180.67999267578125,161.1699981689453,177.89999389648438,177.89999389648438,306590600,-0.08108108108108109,-3,37
2023-01-30,178.0500030517578,179.77000427246094,166.5,166.66000366210938,166.66000366210938,230878800,-0.15384615384615385,-6,39
2023-01-31,164.57000732421875,174.3000030517578,162.77999877929688,173.22000122070312,173.22000122070312,196813500,-0.0975609756097561,-4,41
2023-02-01,173.88999938964844,183.80999755859372,169.92999267578125,181.41000366210935,181.41000366210935,213806300,-0.12195121951219512,-5,41
2023-02-02,187.3300018310547,196.75,182.6100006103516,188.2700042724609,188.2700042724609,217448300,-0.02702702702702703,-1,37
2023-02-03,183.9499969482422,199.0,183.69000244140625,189.97999572753903,189.97999572753903,232662000,-0.4878048780487805,-20,41
2023-02-06,193.00999450683597,198.1699981689453,189.9199981689453,194.75999450683597,194.75999450683597,186188100,0.0975609756097561,4,41
2023-02-07,196.42999267578125,197.5,189.5500030517578,196.80999755859372,196.80999755859372,186010300,-0.1951219512195122,-8,41
2023-02-08,196.1000061035156,203.0,194.30999755859372,201.2899932861328,201.2899932861328,180673600,0.02564102564102564,1,39
2023-02-09,207.77999877929688,214.0,204.7700042724609,207.32000732421875,207.32000732421875,215431400,-0.15,-6,40
2023-02-10,202.22999572753903,206.1999969482422,192.88999938964844,196.88999938964844,196.88999938964844,204754100,-0.275,-11,40
2023-02-13,194.4199981689453,196.3000030517578,187.6100006103516,194.63999938964844,194.63999938964844,172475500,-0.05405405405405406,-2,37
2023-02-14,191.94000244140625,209.82000732421875,189.44000244140625,209.25,209.25,216455700,-0.1282051282051282,-5,39
2023-02-15,211.75999450683597,214.66000366210935,206.1100006103516,214.2400054931641,214.2400054931641,181006400,0.2926829268292683,12,41
2023-02-16,210.77999877929688,217.6499938964844,201.83999633789065,202.0399932861328,202.0399932861328,229586500,-0.41025641025641024,-16,39
2023-02-17,199.9900054931641,208.44000244140625,197.5,208.30999755859372,208.30999755859372,213738500,-0.13513513513513514,-5,37
2023-02-21,204.9900054931641,209.7100067138672,197.22000122070312,197.3699951171875,197.3699951171875,180018600,-0.1951219512195122,-8,41
2023-02-22,197.92999267578125,201.9900054931641,191.77999877929688,200.8600006103516,200.8600006103516,191828500,0.05,2,40
2023-02-23,203.91000366210935,205.13999938964844,196.3300018310547,202.07000732421875,202.07000732421875,146360000,0.0,0,39
2023-02-24,196.3300018310547,197.6699981689453,192.8000030517578,196.8800048828125,196.8800048828125,142228100,-0.08333333333333333,-3,36
2023-02-27,202.02999877929688,209.4199981689453,201.25999450683597,207.6300048828125,207.6300048828125,161028300,-0.2,-7,35
2023-02-28,210.58999633789065,211.22999572753903,203.75,205.7100067138672,205.7100067138672,153144900,-0.13157894736842105,-5,38
2023-03-01,206.2100067138672,207.1999969482422,198.5200042724609,202.7700042724609,202.7700042724609,156852800,0.07317073170731707,3,41
2023-03-02,186.7400054931641,193.75,186.00999450683597,190.8999938964844,190.8999938964844,181500700,0.1111111111111111,4,36
2023-03-03,194.8000030517578,200.47999572753903,192.8800048828125,197.7899932861328,197.7899932861328,154193300,0.0,0,40
2023-03-06,198.5399932861328,198.6000061035156,192.3000030517578,193.80999755859372,193.80999755859372,128100100,-0.07894736842105263,-3,38
2023-03-07,191.3800048828125,194.1999969482422,186.1000061035156,187.7100067138672,187.7100067138672,148125800,0.05263157894736842,2,38
2023-03-08,185.0399932861328,186.5,180.0,182.0,182.0,151897800,-0.2702702702702703,-10,37
2023-03-09,180.25,185.17999267578125,172.50999450683594,172.9199981689453,172.9199981689453,170023800,-0.05555555555555555,-2,36
2023-03-10,175.1300048828125,178.2899932861328,168.44000244140625,173.44000244140625,173.44000244140625,191488900,-0.2777777777777778,-10,36
2023-03-13,167.4600067138672,177.35000610351562,163.91000366210938,174.47999572753906,174.47999572753906,167790300,0.15,6,40
2023-03-14,177.30999755859375,183.8000030517578,177.13999938964844,183.25999450683597,183.25999450683597,143717900,-0.23076923076923078,-9,39
2023-03-15,180.8000030517578,182.33999633789065,176.02999877929688,180.4499969482422,180.4499969482422,145995600,0.027777777777777776,1,36
2023-03-16,180.3699951171875,185.80999755859372,178.83999633789062,184.1300048828125,184.1300048828125,121136800,-0.1794871794871795,-7,39
2023-03-17,184.5200042724609,186.22000122070312,177.3300018310547,180.1300048828125,180.1300048828125,133197100,0.15,6,40
2023-03-20,178.0800018310547,186.44000244140625,176.35000610351562,183.25,183.25,129684400,0.13157894736842105,5,38
2023-03-21,188.27999877929688,198.0,188.0399932861328,197.5800018310547,197.5800018310547,153391400,-0.02702702702702703,-1,37
2023-03-22,199.3000030517578,200.66000366210935,190.9499969482422,191.1499938964844,191.1499938964844,150376400,0.15789473684210525,6,38
2023-03-23,195.25999450683597,199.30999755859372,188.6499938964844,192.22000122070312,192.22000122070312,144193900,-0.14705882352941177,-5,34
2023-03-24,191.6499938964844,192.3600006103516,187.1499938964844,190.41000366210935,190.41000366210935,116312400,-0.12195121951219512,-5,41
2023-03-27,194.4199981689453,197.38999938964844,189.94000244140625,191.80999755859372,191.80999755859372,120851600,0.2972972972972973,11,37
2023-03-28,192.0,192.3500061035156,185.42999267578125,189.19000244140625,189.19000244140625,98654600,-0.08108108108108109,-3,37
2023-03-29,193.1300048828125,195.2899932861328,189.44000244140625,193.8800048828125,193.8800048828125,123660000,0.0,0,39
2023-03-30,195.5800018310547,197.3300018310547,194.4199981689453,195.27999877929688,195.27999877929688,110252200,0.0,0,38
2023-03-31,197.52999877929688,207.7899932861328,197.1999969482422,207.4600067138672,207.4600067138672,170222100,0.0,0,37
2023-04-03,199.91000366210935,202.69000244140625,192.1999969482422,194.7700042724609,194.7700042724609,169545900,-0.42857142857142855,-15,35
2023-04-04,197.32000732421875,198.7400054931641,190.32000732421875,192.5800018310547,192.5800018310547,126463800,-0.23684210526315788,-9,38
2023-04-05,190.5200042724609,190.67999267578125,183.75999450683597,185.5200042724609,185.5200042724609,133882500,-0.08333333333333333,-3,36
2023-04-06,183.0800018310547,186.38999938964844,179.74000549316406,185.05999755859372,185.05999755859372,123857900,0.05405405405405406,2,37
2023-04-10,179.94000244140625,185.1000061035156,176.11000061035156,184.50999450683597,184.50999450683597,142154600,-0.25,-9,36
2023-04-11,186.69000244140625,189.19000244140625,185.6499938964844,186.7899932861328,186.7899932861328,115770900,0.15789473684210525,6,38
2023-04-12,190.7400054931641,191.5800018310547,180.30999755859372,180.5399932861328,180.5399932861328,150256300,-0.3170731707317073,-13,41
2023-04-13,182.9600067138672,186.5,180.94000244140625,185.8999938964844,185.8999938964844,112933000,-0.20512820512820512,-8,39
2023-04-14,183.9499969482422,186.27999877929688,182.00999450683597,185.0,185.0,96438700,0.11764705882352941,4,34
2023-04-17,186.32000732421875,189.69000244140625,182.69000244140625,187.0399932861328,187.0399932861328,116662200,0.02857142857142857,1,35
2023-04-18,187.1499938964844,187.69000244140625,183.5800018310547,184.30999755859372,184.30999755859372,92067000,-0.08823529411764706,-3,34
2023-04-19,179.10000610351562,183.5,177.64999389648438,180.58999633789065,180.58999633789065,125732700,0.05555555555555555,2,36
2023-04-20,166.1699981689453,169.6999969482422,160.55999755859375,162.99000549316406,162.99000549316406,210970800,-0.1794871794871795,-7,39
2023-04-21,164.8000030517578,166.0,161.32000732421875,165.0800018310547,165.0800018310547,123539000,-0.38461538461538464,-15,39
2023-04-24,164.64999389648438,165.64999389648438,158.61000061035156,162.5500030517578,162.5500030517578,140006600,-0.1111111111111111,-4,36
2023-04-25,159.82000732421875,163.47000122070312,158.75,160.6699981689453,160.6699981689453,121999300,0.02631578947368421,1,38
2023-04-26,160.2899932861328,160.6699981689453,153.13999938964844,153.75,153.75,153364100,-0.027777777777777776,-1,36
2023-04-27,152.63999938964844,160.47999572753906,152.3699951171875,160.19000244140625,160.19000244140625,127015200,0.16666666666666666,6,36
2023-04-28,160.89999389648438,165.0,157.32000732421875,164.30999755859375,164.30999755859375,122515800,-0.2702702702702703,-10,37
